INSERT INTO tourists (id, name, password, nid, dob, email, phone, address) VALUES
(1, 'Rashed Mia', SHA2('1234',256), '9357128460', '2003-05-12', 'rashed.mia@example.com', '01711112222', 'Gulshan, Dhaka'),
(2, 'Shakiba Rahman', SHA2('1234',256), '8742035619', '2002-11-30', 'shakiba.rahman22@gmail.com', '01712223333', 'Banani, Dhaka'),
(3, 'Taslima Akter', SHA2('1234',256), '5619283740', '2004-07-15', 'taslima.akter_04@yahoo.com', '01713334444', 'Uttara, Dhaka'),
(4, 'Farhana Siddiqua', SHA2('1234',256), '4982761350', '2001-03-20', 'farhana.siddiqua01@hotmail.com', '01714445555', 'Dhanmondi, Dhaka'),
(5, 'Sajib Ahmed', SHA2('1234',256), '7629153840', '2000-12-05', 'sajib.ahmed25@gmail.com', '01715556666', 'Chittagong, Chattogram'),
(6, 'Payel Sultana', SHA2('1234',256), '8305917462', '2005-09-18', 'payel.sultana_05@live.com', '01716667777', 'Cantonment, Dhaka'),
(7, 'Samiha Noor', SHA2('1234',256), '6491827350', '2006-02-22', 'samiha.noor06@outlook.com', '01717778888', 'Sylhet Sadar, Sylhet'),
(8, 'Arif Hossain', SHA2('1234',256), '1579823460', '2003-08-10', 'arif.hossain03@mail.com', '01718889999', 'Rajshahi Sadar, Rajshahi'),
(9, 'Nusrat Jahan', SHA2('1234',256), '9284756130', '2002-06-28', 'nusrat.jahan_02@yahoo.com', '01719990000', 'Rangpur, Rangpur'),
(10, 'Nabila Islam', SHA2('1234',256), '7361842590', '2004-04-04', 'nabila.islam04@gmail.com', '01710001111', 'Baridhara, Dhaka'),
(11, 'Zahidul Islam', SHA2('1234',256), '8401592673', '2003-10-09', 'zahidul.islam03@ymail.com', '01710112233', 'Mirpur, Dhaka'),
(12, 'Poriya Begum', SHA2('1234',256), '3758209641', '2005-11-11', 'poriya.begum05@live.in', '01710223344', 'Motijheel, Dhaka'),
(13, 'Rumana Akter', SHA2('1234',256), '6824713590', '2007-01-17', 'rumana.akter18@gmail.com', '01710334455', 'Lalbagh, Dhaka'),
(14, 'Adnan Habib', SHA2('1234',256), '5917238460', '2002-03-03', 'adnan.habib02@yahoo.com', '01710445566', 'Pahartali, Chattogram'),
(15, 'Tanvir Ahmed', SHA2('1234',256), '4738156290', '2001-09-29', 'tanvir.ahmed01@outlook.com', '01710556677', 'Bashundhara, Dhaka'),
(16, 'Firoza Islam Pinky', SHA2('1234',256), '8720354196', '1998-03-02', 'firoza.pinky27@gmail.com', '01710667788', 'Mohammadpur, Dhaka'),
(17, 'Tanisha Roy', SHA2('1234',256), '9458201736', '1996-08-15', 'tanisha.roy29@yahoo.com', '01710778899', 'Kalabagan, Dhaka'),
(18, 'Samiul Islam', SHA2('1234',256), '8137492650', '1995-12-20', 'samiul.islam30@mail.com', '01710889900', 'Jamalpur, Jamalpur'),
(19, 'Imran Hossain', SHA2('1234',256), '7601943825', '1994-05-06', 'imran.hossain31@live.com', '01710990011', 'Mymensingh, Mymensingh'),
(20, 'Mitu Chowdhury', SHA2('1234',256), '9283741560', '1997-07-11', 'mitu.chowdhury28@gmail.com', '01711001122', 'Feni Sadar, Feni'),
(21, 'Rafia Sultana', SHA2('1234',256), '6873419520', '1999-11-03', 'rafia.sultana26@ymail.com', '01711112233', 'Narayanganj, Narayanganj'),
(22, 'Tithi Das', SHA2('1234',256), '5398172640', '1993-04-25', 'tithi.das32@hotmail.com', '01711223344', 'Mogbazar, Dhaka'),
(23, 'Faisal Ahmed', SHA2('1234',256), '8047251963', '1992-09-14', 'faisal.ahmed33@mail.com', '01711334455', 'Comilla, Cumilla'),
(24, 'Omar Faruk', SHA2('1234',256), '6928457310', '1990-01-30', 'omar.faruk35@gmail.com', '01711445566', 'Khilgaon, Dhaka'),
(25, 'Puja Ghosh', SHA2('1234',256), '7812394650', '1998-12-27', 'puja.ghosh26@yahoo.com', '01711556677', 'Savar, Dhaka'),
(26, 'Charles Abhay Gomez', SHA2('1234',256), '9138754206', '1987-06-08', 'charles.gomez38@live.com', '01711667788', 'Dohar, Dhaka'),
(27, 'Anisur Rahman', SHA2('1234',256), '8642953170', '1985-11-11', 'anisur.rahman39@gmail.com', '01711778899', 'Noakhali, Noakhali'),
(28, 'Salma Parvin', SHA2('1234',256), '7421590836', '1989-03-19', 'salma.parvin36@yahoo.com', '01711889900', 'Barisal, Barisal'),
(29, 'Nasim Uddin', SHA2('1234',256), '6579204381', '1986-02-14', 'nasim.uddin39@mail.com', '01711990011', 'Patuakhali, Patuakhali'),
(30, 'Sadia Parvin', SHA2('1234',256), '8397425160', '1988-07-23', 'sadia.parvin37@outlook.com', '01712001122', 'Moulvibazar, Sylhet');

INSERT INTO tour_packages (id, name, image, duration_in_days, price) VALUES
(1, 'Cox’s Bazar Sea Beach Tour', 'images/packages/package-1.jpg', 2, 4500.00),
(2, 'Sundarbans Wildlife Adventure', 'images/packages/package-2.jpg', 1, 2000.00),
(3, 'Sundarbans Wildlife Adventure', 'images/packages/package-2.jpg', 3, 7000.00),
(4, 'Saint Martin’s Island Trip', 'images/packages/package-1.jpg', 3, 7000.00),
(5, 'Sajek Valley Hill Resort', 'images/packages/package-3.jpg', 5, 10000.00),
(6, 'Sylhet Tea Garden & Waterfall Tour', 'images/packages/package-5.jpg', 2, 9000.00),
(7, 'Bandarban & Nilgiri Exploration', 'images/packages/package-3.jpg', 3, 11000.00),
(8, 'Kuakata Sea Beach', 'images/packages/package-1.jpg', 1, 2000.00),
(9, 'Kuakata Sea Beach', 'images/packages/package-1.jpg', 3, 4500.00),
(10, 'Paharpur Buddhist Monastery Visit', 'images/packages/package-6.jpg', 1, 1000.00),
(11, 'Bagerhat Sixty Dome Mosque & Heritage Tour', 'images/packages/package-4.jpg', 1, 1000.00),
(12, 'Sea Explorer', 'images/packages/package-1.jpg', 7, 12000.00),
(13, 'Day trip to Jaflong Trip', 'images/packages/package-5.jpg', 1, 2000.00);

INSERT INTO destinations (id, name, description, location) VALUES
(1, 'Cox’s Bazar', 'Cox’s Bazar, located in southeastern Bangladesh, is famous for having the longest unbroken sandy beach in the world. The town is a popular tourist destination, attracting visitors with its stunning sea views, fresh seafood, and vibrant local culture. The area is home to fishing communities, Buddhist temples, and lush green hills. Tourists can enjoy long walks along the golden sands, explore the nearby Himchari National Park, or take boat trips to Saint Martin’s Island. The local markets offer handmade crafts, traditional clothing, and delicious street food, making it a lively place to explore.', 'Cox’s Bazar, Chattogram, Bangladesh'),
(2, 'Sundarbans', 'The Sundarbans, located in southwestern Bangladesh, is the largest mangrove forest in the world and a UNESCO World Heritage Site. It is renowned for its rich biodiversity, including the elusive Royal Bengal Tiger, crocodiles, and a vast array of bird species. The forest’s intricate network of tidal waterways and dense vegetation provides a unique landscape. Visitors can take boat tours through the waterways to spot wildlife and enjoy the serene beauty of this vast ecosystem.', 'Khulna & Bagerhat, Bangladesh'),
(3, 'Saint Martin’s Island', 'Saint Martin’s Island, located in the Bay of Bengal, is the only coral island in Bangladesh. Known for its crystal-clear waters, white sandy beaches, and vibrant marine life, the island offers a peaceful retreat. The island is a popular destination for snorkeling, scuba diving, and beach activities. The local community is involved in fishing, and visitors can enjoy fresh seafood. The island is a great spot for a serene getaway, with its picturesque landscapes and tranquil atmosphere.', 'Saint Martin’s, Cox’s Bazar, Bangladesh'),
(4, 'Sajek Valley', 'Sajek Valley, nestled in the hilly region of Rangamati in southeastern Bangladesh, is known for its breathtaking natural beauty. The valley offers a mesmerizing view of sunrise and sunset, surrounded by lush green hills and fog-covered mountains. It is an ideal destination for nature lovers, trekkers, and those seeking tranquility. Sajek Valley is home to indigenous communities, and visitors can experience their unique culture while enjoying the serene landscapes and cool climate.', 'Rangamati, Bangladesh'),
(5, 'Jaflong', 'Jaflong, located in the northeastern part of Bangladesh, is a scenic region known for its tea gardens, rolling hills, and rivers with views of the Indian border. The lush green landscape is perfect for photography and nature walks, while the nearby Dawki River offers opportunities for boating. Jaflong is also famous for its rich cultural heritage, with indigenous communities living in the area. The region’s peaceful atmosphere makes it a great destination for relaxation and exploration.', 'Sylhet, Bangladesh'),
(6, 'Bandarban', 'Bandarban, located in the southeastern part of Bangladesh, is famous for its hill tracts and the rich cultural heritage of its indigenous people. The region is home to some of the highest peaks in Bangladesh, including Keokradong and Mowdok Mual, offering stunning trekking opportunities. Bandarban is also known for its picturesque waterfalls, including Nafakhum and Remakri. Visitors can immerse themselves in the culture of the indigenous Chakma, Marma, and Tripura people while enjoying the region’s natural beauty.', 'Bandarban, Bangladesh'),
(7, 'Kuakata', 'Kuakata, located in the southwestern part of Bangladesh, is known as the "Daughter of the Sea" for its unique panoramic view of both the sunrise and sunset over the Bay of Bengal. The coastal town offers long stretches of beach, tranquil waters, and a peaceful atmosphere. Kuakata is a popular destination for beach lovers, as well as those seeking to experience the local culture and cuisine. The area is also home to many temples, making it a spiritual and cultural destination.', 'Kuakata, Patuakhali, Bangladesh'),
(8, 'Paharpur', 'Paharpur, located in the northern part of Bangladesh, is home to an ancient Buddhist monastery and one of the most significant archaeological sites in the country. The ruins of the Somapura Mahavihara, a UNESCO World Heritage Site, date back to the 8th century and provide a glimpse into the religious and cultural history of ancient Bengal. The site is an important pilgrimage destination and a must-see for history enthusiasts and archaeologists.', 'Naogaon, Bangladesh'),
(9, 'Sreemangal', 'Sreemangal, located in the northeastern part of Bangladesh, is famous for its lush green tea gardens and the surrounding Lawachara Rainforest, one of the largest tropical rainforests in the country. The region’s cool climate and picturesque landscapes make it a popular destination for nature lovers. Visitors can explore the tea estates, take nature walks in the forest, and spot various species of birds and wildlife. Sreemangal is also known as the "Tea Capital of Bangladesh" and offers visitors a chance to learn about the tea production process.', 'Moulvibazar, Bangladesh'),
(10, 'Bagerhat Mosque City', 'Bagerhat, located in southwestern Bangladesh, is home to the historic Bagerhat Mosque City, a UNESCO World Heritage Site. The city is known for its well-preserved medieval mosques, including the famous Sixty Dome Mosque. These architectural wonders provide insight into the Islamic heritage of Bengal. Bagerhat is also home to other historical structures, including tombs, mausoleums, and ponds, which make it a significant cultural and historical destination.', 'Bagerhat, Bangladesh');

INSERT INTO destination_packages (destination_id, package_id) VALUES
(1, 1),
(1, 12),
(2, 2),
(2, 3),
(3, 4),
(3, 12),
(4, 5),
(5, 6),
(5, 13),
(6, 7),
(7, 8),
(7, 9),
(8, 10),
(9, 6),
(10, 11);

INSERT INTO destinations_gallery (id, destination_id, image) VALUES
(1, 1, 'images/destinations/coxs-bazar-1.jpg'),
(2, 1, 'images/destinations/coxs-bazar-2.jpg'),
(3, 1, 'images/destinations/coxs-bazar-3.jpg'),
(4, 1, 'images/destinations/coxs-bazar-4.jpg'),
(5, 2, 'images/destinations/sundarbans-1.jpg'),
(6, 2, 'images/destinations/sundarbans-2.jpg'),
(7, 2, 'images/destinations/sundarbans-3.jpg'),
(8, 3, 'images/destinations/saint-martin-1.jpg'),
(9, 3, 'images/destinations/saint-martin-2.jpg'),
(10, 3, 'images/destinations/saint-martin-3.jpg'),
(11, 3, 'images/destinations/saint-martin-4.jpg'),
(12, 4, 'images/destinations/sajek-valley-1.jpg'),
(13, 4, 'images/destinations/sajek-valley-2.jpg'),
(14, 5, 'images/destinations/jaflong-1.jpg'),
(15, 5, 'images/destinations/jaflong-2.jpg'),
(16, 6, 'images/destinations/bandarban-1.jpg'),
(17, 6, 'images/destinations/bandarban-2.jpg'),
(18, 6, 'images/destinations/bandarban-3.jpg'),
(19, 6, 'images/destinations/bandarban-4.jpg'),
(20, 6, 'images/destinations/bandarban-5.jpg'),
(21, 7, 'images/destinations/kuakata-1.jpg'),
(22, 7, 'images/destinations/kuakata-2.jpg'),
(23, 7, 'images/destinations/kuakata-3.jpg'),
(24, 7, 'images/destinations/kuakata-4.jpg'),
(25, 8, 'images/destinations/paharpur-1.jpg'),
(26, 9, 'images/destinations/sreemangal-1.jpg'),
(27, 9, 'images/destinations/sreemangal-2.jpg'),
(28, 9, 'images/destinations/sreemangal-3.jpg'),
(29, 10, 'images/destinations/bagerhat-mosque-city-1.jpg'),
(30, 10, 'images/destinations/bagerhat-mosque-city-2.jpg'),
(31, 10, 'images/destinations/bagerhat-mosque-city-3.jpg');

INSERT INTO activities (id, name) VALUES
(1, 'Hiking'),
(2, 'Camping'),
(3, 'Skiing'),
(4, 'Surfing'),
(5, 'Fishing'),
(6, 'Snorkeling'),
(7, 'Scuba Diving'),
(8, 'Horse Riding'),
(9, 'Paragliding'),
(10, 'Hot Air Balloon'),
(11, 'Cycling'),
(12, 'Wildlife Safari'),
(13, 'Rock Climbing'),
(14, 'Kayaking'),
(15, 'Rafting'),
(16, 'Desert Safari'),
(17, 'Snowboarding'),
(18, 'Mountaineering'),
(19, 'Bird Watching');

INSERT INTO destination_activities (activity_id, destination_id) VALUES
(1, 4),
(1, 6),
(2, 6),
(3, 10),
(4, 1),
(5, 1),
(6, 3),
(7, 3),
(8, 5),
(9, 6),
(10, 7),
(11, 9),
(12, 2),
(13, 6),
(14, 9),
(15, 9),
(16, 8),
(17, 10),
(18, 6),
(19, 2);

INSERT INTO guides (id, name, email, image, phone, address, joining_date, availability) VALUES
(1, 'Hasan Mahmud', 'hasan.guide@example.com', 'images/guides/guide-1.jpg', '01721111111', 'Cox’s Bazar', '2020-05-10', TRUE),
(2, 'Mizan Rahman', 'mizan.guide@example.com', 'images/guides/guide-2.jpg', '01722222222', 'Khulna', '2018-07-15', TRUE),
(3, 'Jahir Uddin', 'jahir.guide@example.com', 'images/guides/guide-3.jpg', '01723333333', 'Sylhet', '2019-08-20', TRUE),
(4, 'Aisha Keya', 'keya.guide@example.com', 'images/guides/guide-4.jpg', '01724444444', 'Dhaka', '2021-01-05', TRUE),
(5, 'Sajid Khan', 'sajid.guide@example.com', 'images/guides/guide-5.jpg', '01725555555', 'Bandarban', '2017-11-22', FALSE);

INSERT INTO transportations (id, transport_type, company, capacity, departure_location, deparature_time, driver_contact) VALUES
(1, 'Bus', 'Green Travels', 40, 'Dhaka', '2025-03-05 08:00:00', '01726667777'),
(2, 'Bus', 'Bengal Transport', 40, 'Chattogram', '2025-04-10 10:00:00', '01727778888'),
(3, 'Train', 'Bangladesh Railway', 100, 'Dhaka', '2025-05-15 09:00:00', '01728889999'),
(4, 'Airplane', 'Biman Bangladesh', 200, 'Dhaka', '2025-06-20 07:30:00', '01729990000'),
(5, 'Bus', 'TransWorld', 50, 'Sylhet', '2025-07-25 06:45:00', '01731111222'),
(6, 'Microbus', 'Nirvana Travels', 4, 'Rangamati', '2025-08-12 15:10:00', '01732222333'),
(7, 'Boat', 'Chittagong Boat Service', 20, 'Khulna', '2025-09-18 10:30:00', '01733333444'),
(8, 'Airplane', 'US-Bangla Airlines', 100, 'Dhaka', '2025-10-22 13:00:00', '01734444555'),
(9, 'Bus', 'Sundarban Travels', 30, 'Moulvibazar', '2025-11-05 07:15:00', '01735555666'),
(10, 'Microbus', 'Go Go Travels', 4, 'Bagerhat', '2025-12-15 09:00:00', '01736666777');

INSERT INTO schedules (id, start_date, end_date, status, package_id, guide_id, transportation_id) VALUES
(1, '2025-03-05', '2025-03-07','Ongoing', 1, 1, 1),
(2, '2025-04-10', '2025-04-12','Ongoing', 2, 2, 2),
(3, '2025-05-15', '2025-05-17','Ongoing', 3, 3, 3),
(4, '2025-06-20', '2025-06-22','Ongoing', 4, 4, 4),
(5, '2025-07-25', '2025-07-28', 'Completed', 5, 3, 5),
(6, '2025-08-12', '2025-08-14', 'Completed', 6, 1, 6),
(7, '2025-09-18', '2025-09-20','Ongoing', 7, 2, 7),
(8, '2025-10-22', '2025-10-24','Ongoing', 8, 3, 8),
(9, '2025-11-05', '2025-11-07', 'Completed', 9, 4, 9),
(10, '2025-12-15', '2025-12-17','Ongoing', 10, 1, 10);

INSERT INTO bookings (id, tourist_id, schedule_id, persons, status, timestamp) VALUES
(1, 5, 2, 4, 'Confirmed', '2025-01-01 08:00:00'),
(2, 1, 3, 3, 'Confirmed', '2025-01-01 09:15:00'),
(3, 3, 4, 2, 'Confirmed', '2025-01-02 10:30:00'),
(4, 6, 2, 2, 'Confirmed', '2025-01-02 11:45:00'),
(5, 8, 3, 3, 'Confirmed', '2025-01-05 12:00:00'),
(6, 2, 1, 4, 'Confirmed', '2025-01-06 13:00:00'),
(7, 7, 2, 3, 'Confirmed', '2025-01-06 14:20:00'),
(8, 9, 4, 2, 'Confirmed', '2025-01-09 15:30:00'),
(9, 5, 3, 4, 'Confirmed', '2025-01-10 16:45:00'),
(10, 3, 4, 2, 'Confirmed', '2025-01-12 17:00:00'),
(11, 6, 4, 3, 'Confirmed', '2025-01-13 18:15:00'),
(12, 10, 1, 1, 'Confirmed', '2025-01-15 19:30:00'),
(13, 2, 2, 4, 'Confirmed', '2025-01-18 20:40:00'),
(14, 10, 3, 3, 'Confirmed', '2025-01-19 21:00:00'),
(15, 3, 2, 3, 'Confirmed', '2025-01-22 22:10:00'),
(16, 7, 1, 4, 'Confirmed', '2025-01-23 08:25:00'),
(17, 9, 4, 4, 'Confirmed', '2025-01-24 09:35:00'),
(18, 5, 2, 2, 'Confirmed', '2025-01-27 10:50:00'),
(19, 10, 3, 3, 'Confirmed', '2025-01-29 11:15:00'),
(20, 4, 4, 4, 'Confirmed', '2025-02-02 12:30:00'),
(21, 8, 1, 4, 'Confirmed', '2025-02-03 13:45:00'),
(22, 6, 3, 3, 'Confirmed', '2025-02-05 14:55:00'),
(23, 2, 2, 2, 'Confirmed', '2025-02-06 15:30:00'),
(24, 7, 4, 4, 'Confirmed', '2025-02-08 16:40:00'),
(25, 1, 1, 3, 'Confirmed', '2025-02-09 17:50:00'),
(26, 10, 2, 2, 'Confirmed', '2025-02-10 18:10:00'),
(27, 3, 3, 3, 'Confirmed', '2025-02-13 19:25:00'),
(28, 9, 2, 3, 'Confirmed', '2025-02-14 20:00:00'),
(29, 8, 4, 4, 'Confirmed', '2025-02-15 21:20:00'),
(30, 10, 2, 3, 'Confirmed', '2025-02-18 22:00:00'),
(31, 5, 3, 3, 'Pending', '2025-02-20 08:30:00'),
(32, 2, 1, 3, 'Confirmed', '2025-02-20 09:45:00'),
(33, 4, 2, 2, 'Confirmed', '2025-02-22 10:00:00'),
(34, 7, 4, 3, 'Pending', '2025-02-23 11:10:00'),
(35, 6, 3, 2, 'Confirmed', '2025-02-25 12:00:00'),
(36, 8, 1, 4, 'Confirmed', '2025-02-26 13:15:00'),
(37, 1, 2, 3, 'Confirmed', '2025-03-01 14:25:00'),
(38, 9, 4, 3, 'Confirmed', '2025-03-02 15:35:00'),
(39, 4, 3, 2, 'Confirmed', '2025-03-03 16:00:00'),
(40, 10, 2, 3, 'Confirmed', '2025-03-04 17:20:00'),
(41, 7, 4, 3, 'Confirmed', '2025-03-05 18:30:00'),
(42, 4, 1, 2, 'Confirmed', '2025-03-06 19:40:00'),
(43, 2, 3, 4, 'Pending', '2025-03-08 20:55:00'),
(44, 5, 2, 3, 'Confirmed', '2025-03-10 21:25:00'),
(45, 6, 4, 3, 'Confirmed', '2025-03-12 08:40:00'),
(46, 1, 2, 2, 'Confirmed', '2025-03-13 09:55:00'),
(47, 3, 3, 2, 'Pending', '2025-03-14 11:00:00'),
(48, 7, 2, 4, 'Confirmed', '2025-03-16 12:15:00'),
(49, 8, 1, 3, 'Confirmed', '2025-03-17 13:30:00'),
(50, 10, 4, 4, 'Pending', '2025-03-18 14:45:00'),
(51, 1, 3, 3, 'Confirmed', '2025-03-20 09:30:00'),
(52, 1, 2, 4, 'Pending', '2025-03-20 14:00:00'),
(53, 1, 3, 3, 'Confirmed', '2025-03-21 11:15:00'),
(54, 1, 1, 2, 'Cancelled', '2025-03-22 13:50:00'),
(55, 4, 2, 3, 'Confirmed', '2025-03-22 16:10:00'),
(56, 7, 4, 4, 'Confirmed', '2025-03-23 18:25:00'),
(57, 5, 2, 3, 'Confirmed', '2025-03-23 20:00:00'),
(58, 3, 3, 4, 'Confirmed', '2025-03-24 10:00:00'),
(59, 2, 4, 2, 'Pending', '2025-03-24 13:30:00'),
(60, 1, 2, 3, 'Confirmed', '2025-03-25 09:45:00'),
(61, 10, 3, 4, 'Confirmed', '2025-03-25 17:00:00'),
(62, 4, 4, 2, 'Cancelled', '2025-03-26 14:30:00'),
(63, 6, 3, 4, 'Pending', '2025-03-28 11:20:00'),
(64, 10, 2, 3, 'Confirmed', '2025-03-29 12:00:00'),
(65, 4, 1, 2, 'Confirmed', '2025-03-30 15:10:00');

INSERT INTO payments (id, booking_id, method, status, amount, timestamp) VALUES
(1, 1, 'Bkash', 'Confirmed', 4500.00, '2025-01-02 11:45:00'),
(2, 2, 'Rocket', 'Confirmed', 4500.00, '2025-01-05 12:00:00'),
(3, 3, 'Nagad', 'Confirmed', 2000.00, '2025-01-06 13:00:00'),
(4, 4, 'Bank Transfer', 'Confirmed', 7000.00, '2025-01-06 14:20:00'),
(5, 5, 'Cash', 'Confirmed', 7000.00, '2025-01-09 15:30:00'),
(6, 6, 'Cheque', 'Confirmed', 10000.00, '2025-01-10 16:45:00'),
(7, 7, 'Bkash', 'Confirmed', 2000.00, '2025-01-12 17:00:00'),
(8, 8, 'Rocket', 'Confirmed', 9000.00, '2025-01-13 18:15:00'),
(9, 9, 'Nagad', 'Confirmed', 11000.00, '2025-01-15 19:30:00'),
(10, 10, 'Bank Transfer', 'Confirmed', 2000.00, '2025-01-18 20:40:00'),
(11, 11, 'Cash', 'Confirmed', 7000.00, '2025-01-19 21:00:00'),
(12, 12, 'Cheque', 'Confirmed', 10000.00, '2025-01-22 22:10:00'),
(13, 13, 'Bkash', 'Confirmed', 4500.00, '2025-01-23 08:25:00'),
(14, 14, 'Rocket', 'Confirmed', 2000.00, '2025-01-24 09:35:00'),
(15, 15, 'Nagad', 'Confirmed', 7000.00, '2025-01-27 10:50:00'),
(16, 16, 'Bank Transfer', 'Confirmed', 2000.00, '2025-01-29 11:15:00'),
(17, 17, 'Cash', 'Confirmed', 1000.00, '2025-02-02 12:30:00'),
(18, 18, 'Cheque', 'Confirmed', 1000.00, '2025-02-03 13:45:00'),
(19, 19, 'Bkash', 'Confirmed', 4500.00, '2025-02-05 14:55:00'),
(20, 20, 'Rocket', 'Confirmed', 9000.00, '2025-02-06 15:30:00'),
(21, 21, 'Nagad', 'Confirmed', 2000.00, '2025-02-08 16:40:00'),
(22, 22, 'Bank Transfer', 'Confirmed', 7000.00, '2025-02-09 17:50:00'),
(23, 23, 'Cash', 'Confirmed', 4500.00, '2025-02-10 18:10:00'),
(24, 24, 'Cheque', 'Confirmed', 10000.00, '2025-02-13 19:25:00'),
(25, 25, 'Bkash', 'Confirmed', 2000.00, '2025-02-14 20:00:00'),
(26, 26, 'Rocket', 'Confirmed', 11000.00, '2025-02-15 21:20:00'),
(27, 27, 'Nagad', 'Confirmed', 7000.00, '2025-02-18 22:00:00'),
(28, 28, 'Bank Transfer', 'Confirmed', 2000.00, '2025-02-20 08:30:00'),
(29, 29, 'Cash', 'Confirmed', 4500.00, '2025-02-22 10:00:00'),
(30, 30, 'Cheque', 'Confirmed', 1000.00, '2025-02-23 11:10:00'),
(31, 31, 'Bkash', 'Confirmed', 4500.00, '2025-02-25 12:00:00'),
(32, 32, 'Rocket', 'Confirmed', 7000.00, '2025-02-26 13:15:00'),
(33, 33, 'Nagad', 'Confirmed', 2000.00, '2025-03-01 14:25:00'),
(34, 34, 'Bank Transfer', 'Confirmed', 7000.00, '2025-03-02 15:35:00'),
(35, 35, 'Cash', 'Confirmed', 10000.00, '2025-03-03 16:00:00'),
(36, 36, 'Cheque', 'Confirmed', 4500.00, '2025-03-04 17:20:00'),
(37, 37, 'Bkash', 'Confirmed', 2000.00, '2025-03-05 18:30:00'),
(38, 38, 'Rocket', 'Confirmed', 7000.00, '2025-03-06 19:40:00'),
(39, 39, 'Nagad', 'Confirmed', 4500.00, '2025-03-08 20:55:00'),
(40, 40, 'Bank Transfer', 'Confirmed', 11000.00, '2025-03-10 21:25:00'),
(41, 41, 'Cash', 'Confirmed', 10000.00, '2025-03-12 08:40:00'),
(42, 42, 'Cheque', 'Confirmed', 1000.00, '2025-03-13 09:55:00'),
(43, 43, 'Bkash', 'Confirmed', 4500.00, '2025-03-14 11:00:00'),
(44, 44, 'Rocket', 'Confirmed', 7000.00, '2025-03-16 12:15:00'),
(45, 45, 'Nagad', 'Confirmed', 10000.00, '2025-03-17 13:30:00'),
(46, 46, 'Bank Transfer', 'Confirmed', 4500.00, '2025-03-18 14:45:00'),
(47, 47, 'Cash', 'Confirmed', 2000.00, '2025-03-20 09:30:00'),
(48, 48, 'Cheque', 'Confirmed', 10000.00, '2025-03-21 11:15:00'),
(49, 49, 'Bkash', 'Confirmed', 2000.00, '2025-03-22 13:50:00'),
(50, 50, 'Rocket', 'Confirmed', 7000.00, '2025-03-23 15:30:00');

INSERT INTO hotels (id, location, name, contact, rating) VALUES
(1, 'Cox’s Bazar', 'Hotel Cox’s Palace', '01721112222', 5),
(2, 'Sundarbans', 'Royal Sundarban Hotel', '01723334444', 4),
(3, 'Saint Martin’s Island', 'Saint Martin Resort', '01725556666', 3),
(4, 'Sajek Valley', 'Sajek Valley Hotel', '01727778888', 4),
(5, 'Sylhet', 'Tea Garden Hotel', '01729990000', 5),
(6, 'Bandarban', 'Nilgiri Hill Resort', '01731111222', 4),
(7, 'Kuakata', 'Kuakata Seaside Hotel', '01732222333', 3),
(8, 'Paharpur', 'Paharpur Heritage Inn', '01733333444', 4),
(9, 'Sreemangal', 'Sreemangal Tea Lodge', '01734444555', 3),
(10, 'Bagerhat', 'Bagerhat Heritage Hotel', '01735555666', 5);

INSERT INTO hotel_bookings (id, schedule_id, hotel_id, check_in, check_out, room_no, status) VALUES
(1, 1, 1, '2025-03-10', '2025-03-12', '101', 'Confirmed'),
(2, 2, 2, '2025-04-05', '2025-04-08', '202', 'Pending'),
(3, 3, 3, '2025-05-12', '2025-05-15', '303', 'Confirmed'),
(4, 4, 4, '2025-06-20', '2025-06-22', '404', 'Cancelled'),
(5, 5, 5, '2025-07-15', '2025-07-18', '505', 'Confirmed'),
(6, 6, 6, '2025-08-10', '2025-08-12', '606', 'Pending'),
(7, 7, 7, '2025-09-22', '2025-09-25', '707', 'Confirmed'),
(8, 8, 8, '2025-10-01', '2025-10-04', '808', 'Confirmed'),
(9, 9, 9, '2025-11-05', '2025-11-08', '909', 'Pending'),
(10, 10, 10, '2025-12-10', '2025-12-12', '1010', 'Confirmed');

INSERT INTO reviews (id, tourist_id, package_id, comment, rating, timestamp) VALUES
(1, 1, 1, 'Amazing experience! The sea beach is breathtaking and the hotel was excellent.', 5, '2025-03-12 10:30:00'),
(2, 2, 2, 'Great experience but the transport was delayed. The guide was helpful though.', 4, '2025-04-08 14:00:00'),
(3, 3, 4, 'Saint Martin’s Island was beautiful, but I wish the trip was longer.', 4, '2025-05-16 11:15:00'),
(4, 4, 11, 'The trip was cancelled at the last moment. Really disappointed with the service.', 2, '2025-06-22 16:00:00'),
(5, 5, 13, 'Fantastic trip! The tea gardens and waterfalls were amazing.', 5, '2025-07-18 13:00:00'),
(6, 6, 2, 'The trip was good, but there were some issues with the accommodation.', 3, '2025-08-12 16:45:00'),
(7, 7, 3, 'Wonderful trip! The guide was great and the experience was unforgettable.', 5, '2025-09-25 09:30:00'),
(8, 8, 6, 'A bit expensive for the short duration of the trip, but it was worth it.', 4, '2025-10-04 12:15:00'),
(9, 9, 13, 'Loved the rainforests and the tea gardens. Highly recommended!', 5, '2025-11-08 14:20:00'),
(10, 10, 5, 'Good experience overall, but the weather was not on our side.', 3, '2025-12-12 17:30:00');
